INSERT INTO `sys_user` VALUES ('1', 'superAdmin', '超级管理员', '$2a$10$85R9WucLPVb1QOSrufF4zu6aDyQbaOeh41nu9qN8kceoCyd6KP8xy', null, null, '0', null, null, 1, null, null, null, null, null, null, null);

INSERT INTO `sys_user_role` VALUES ('1', '1');

/*
Navicat MySQL Data Transfer

Source Server         : localhost
Source Server Version : 80018
Source Host           : localhost:3306
Source Database       : end-supply-chain

Target Server Type    : MYSQL
Target Server Version : 80018
File Encoding         : 65001

Date: 2020-08-07 17:50:02
*/

SET FOREIGN_KEY_CHECKS=0;

-- ----------------------------
-- Table structure for `sys_role_resource`
-- ----------------------------
DROP TABLE IF EXISTS `sys_role_resource`;
CREATE TABLE `sys_role_resource` (
  `role_id` varchar(32) COLLATE utf8mb4_general_ci NOT NULL COMMENT '角色id',
  `resource_id` varchar(32) COLLATE utf8mb4_general_ci NOT NULL COMMENT '资源id'
) ENGINE=InnoDB DEFAULT CHARSET=utf8mb4 COLLATE=utf8mb4_general_ci;

-- ----------------------------
-- Records of sys_role_resource
-- ----------------------------
INSERT INTO `sys_role_resource` VALUES ('1', '1');
INSERT INTO `sys_role_resource` VALUES ('1', '10');
INSERT INTO `sys_role_resource` VALUES ('1', '100');
INSERT INTO `sys_role_resource` VALUES ('1', '1000');
INSERT INTO `sys_role_resource` VALUES ('1', '10000');
INSERT INTO `sys_role_resource` VALUES ('1', '10001');
INSERT INTO `sys_role_resource` VALUES ('1', '10002');
INSERT INTO `sys_role_resource` VALUES ('1', '10003');
INSERT INTO `sys_role_resource` VALUES ('1', '1001');
INSERT INTO `sys_role_resource` VALUES ('1', '1002');
INSERT INTO `sys_role_resource` VALUES ('1', '101');
INSERT INTO `sys_role_resource` VALUES ('1', '104');
INSERT INTO `sys_role_resource` VALUES ('1', '1041');
INSERT INTO `sys_role_resource` VALUES ('1', '1042');
INSERT INTO `sys_role_resource` VALUES ('1', '105');
INSERT INTO `sys_role_resource` VALUES ('1', '106');
INSERT INTO `sys_role_resource` VALUES ('1', '109');
INSERT INTO `sys_role_resource` VALUES ('1', '1091');
INSERT INTO `sys_role_resource` VALUES ('1', '1092');
INSERT INTO `sys_role_resource` VALUES ('1', '11');
INSERT INTO `sys_role_resource` VALUES ('1', '110');
INSERT INTO `sys_role_resource` VALUES ('1', '111');
INSERT INTO `sys_role_resource` VALUES ('1', '112');
INSERT INTO `sys_role_resource` VALUES ('1', '115');
INSERT INTO `sys_role_resource` VALUES ('1', '1151');
INSERT INTO `sys_role_resource` VALUES ('1', '1152');
INSERT INTO `sys_role_resource` VALUES ('1', '116');
INSERT INTO `sys_role_resource` VALUES ('1', '117');
INSERT INTO `sys_role_resource` VALUES ('1', '118');
INSERT INTO `sys_role_resource` VALUES ('1', '12');
INSERT INTO `sys_role_resource` VALUES ('1', '121');
INSERT INTO `sys_role_resource` VALUES ('1', '1211');
INSERT INTO `sys_role_resource` VALUES ('1', '1212');
INSERT INTO `sys_role_resource` VALUES ('1', '122');
INSERT INTO `sys_role_resource` VALUES ('1', '123');
INSERT INTO `sys_role_resource` VALUES ('1', '124');
INSERT INTO `sys_role_resource` VALUES ('1', '1241');
INSERT INTO `sys_role_resource` VALUES ('1', '1242');
INSERT INTO `sys_role_resource` VALUES ('1', '125');
INSERT INTO `sys_role_resource` VALUES ('1', '126');
INSERT INTO `sys_role_resource` VALUES ('1', '1261');
INSERT INTO `sys_role_resource` VALUES ('1', '1262');
INSERT INTO `sys_role_resource` VALUES ('1', '127');
INSERT INTO `sys_role_resource` VALUES ('1', '129');
INSERT INTO `sys_role_resource` VALUES ('1', '1291');
INSERT INTO `sys_role_resource` VALUES ('1', '1292');
INSERT INTO `sys_role_resource` VALUES ('1', '13');
INSERT INTO `sys_role_resource` VALUES ('1', '130');
INSERT INTO `sys_role_resource` VALUES ('1', '131');
INSERT INTO `sys_role_resource` VALUES ('1', '1311');
INSERT INTO `sys_role_resource` VALUES ('1', '132');
INSERT INTO `sys_role_resource` VALUES ('1', '133');
INSERT INTO `sys_role_resource` VALUES ('1', '1331');
INSERT INTO `sys_role_resource` VALUES ('1', '1332');
INSERT INTO `sys_role_resource` VALUES ('1', '134');
INSERT INTO `sys_role_resource` VALUES ('1', '135');
INSERT INTO `sys_role_resource` VALUES ('1', '136');
INSERT INTO `sys_role_resource` VALUES ('1', '14');
INSERT INTO `sys_role_resource` VALUES ('1', '15');
INSERT INTO `sys_role_resource` VALUES ('1', '16');
INSERT INTO `sys_role_resource` VALUES ('1', '17');
INSERT INTO `sys_role_resource` VALUES ('1', '18');
INSERT INTO `sys_role_resource` VALUES ('1', '19');
INSERT INTO `sys_role_resource` VALUES ('1', '2');
INSERT INTO `sys_role_resource` VALUES ('1', '20');
INSERT INTO `sys_role_resource` VALUES ('1', '3100');
INSERT INTO `sys_role_resource` VALUES ('1', '3101');
INSERT INTO `sys_role_resource` VALUES ('1', '3102');
INSERT INTO `sys_role_resource` VALUES ('1', '3103');
INSERT INTO `sys_role_resource` VALUES ('1', '3104');
INSERT INTO `sys_role_resource` VALUES ('1', '22');
INSERT INTO `sys_role_resource` VALUES ('1', '23');
INSERT INTO `sys_role_resource` VALUES ('1', '25');
INSERT INTO `sys_role_resource` VALUES ('1', '27');
INSERT INTO `sys_role_resource` VALUES ('1', '28');
INSERT INTO `sys_role_resource` VALUES ('1', '3');
INSERT INTO `sys_role_resource` VALUES ('1', '30');
INSERT INTO `sys_role_resource` VALUES ('1', '3000');
INSERT INTO `sys_role_resource` VALUES ('1', '4100');
INSERT INTO `sys_role_resource` VALUES ('1', '4101');
INSERT INTO `sys_role_resource` VALUES ('1', '4102');
INSERT INTO `sys_role_resource` VALUES ('1', '4103');
INSERT INTO `sys_role_resource` VALUES ('1', '31');
INSERT INTO `sys_role_resource` VALUES ('1', '33');
INSERT INTO `sys_role_resource` VALUES ('1', '34');
INSERT INTO `sys_role_resource` VALUES ('1', '35');
INSERT INTO `sys_role_resource` VALUES ('1', '36');
INSERT INTO `sys_role_resource` VALUES ('1', '38');
INSERT INTO `sys_role_resource` VALUES ('1', '39');
INSERT INTO `sys_role_resource` VALUES ('1', '391');
INSERT INTO `sys_role_resource` VALUES ('1', '4');
INSERT INTO `sys_role_resource` VALUES ('1', '40');
INSERT INTO `sys_role_resource` VALUES ('2', '76');
INSERT INTO `sys_role_resource` VALUES ('2', '751');
INSERT INTO `sys_role_resource` VALUES ('2', '391');
INSERT INTO `sys_role_resource` VALUES ('2', '3000');
INSERT INTO `sys_role_resource` VALUES ('2', '18');
INSERT INTO `sys_role_resource` VALUES ('2', '75');
INSERT INTO `sys_role_resource` VALUES ('2', '77');
INSERT INTO `sys_role_resource` VALUES ('4028120c73c39dc10173c3aaa6d50007', '125');
INSERT INTO `sys_role_resource` VALUES ('4028120c73c39dc10173c3aaa6d50007', '124');
INSERT INTO `sys_role_resource` VALUES ('4028120c73c39dc10173c3aaa6d50007', '89');
INSERT INTO `sys_role_resource` VALUES ('4028120c73c39dc10173c3aaa6d50007', '482');
INSERT INTO `sys_role_resource` VALUES ('4028120c73c39dc10173c3aaa6d50007', '39');
INSERT INTO `sys_role_resource` VALUES ('4028120c73c39dc10173c3aaa6d50007', '631');
INSERT INTO `sys_role_resource` VALUES ('4028120c73c39dc10173c3aaa6d50007', '126');
INSERT INTO `sys_role_resource` VALUES ('4028120c73c39dc10173c3aaa6d50007', '683');
INSERT INTO `sys_role_resource` VALUES ('4028120c73c39dc10173c3aaa6d50007', '36');
INSERT INTO `sys_role_resource` VALUES ('4028120c73c39dc10173c3aaa6d50007', '882');
INSERT INTO `sys_role_resource` VALUES ('4028120c73c39dc10173c3aaa6d50007', '1041');
INSERT INTO `sys_role_resource` VALUES ('4028120c73c39dc10173c3aaa6d50007', '682');
INSERT INTO `sys_role_resource` VALUES ('4028120c73c39dc10173c3aaa6d50007', '881');
INSERT INTO `sys_role_resource` VALUES ('4028120c73c39dc10173c3aaa6d50007', '1292');
INSERT INTO `sys_role_resource` VALUES ('4028120c73c39dc10173c3aaa6d50007', '88');
INSERT INTO `sys_role_resource` VALUES ('4028120c73c39dc10173c3aaa6d50007', '35');
INSERT INTO `sys_role_resource` VALUES ('4028120c73c39dc10173c3aaa6d50007', '791');
INSERT INTO `sys_role_resource` VALUES ('4028120c73c39dc10173c3aaa6d50007', '812');
INSERT INTO `sys_role_resource` VALUES ('4028120c73c39dc10173c3aaa6d50007', '109');
INSERT INTO `sys_role_resource` VALUES ('4028120c73c39dc10173c3aaa6d50007', '34');
INSERT INTO `sys_role_resource` VALUES ('4028120c73c39dc10173c3aaa6d50007', '57');
INSERT INTO `sys_role_resource` VALUES ('4028120c73c39dc10173c3aaa6d50007', '811');
INSERT INTO `sys_role_resource` VALUES ('4028120c73c39dc10173c3aaa6d50007', '941');
INSERT INTO `sys_role_resource` VALUES ('4028120c73c39dc10173c3aaa6d50007', '1092');
INSERT INTO `sys_role_resource` VALUES ('4028120c73c39dc10173c3aaa6d50007', '632');
INSERT INTO `sys_role_resource` VALUES ('4028120c73c39dc10173c3aaa6d50007', '1152');
INSERT INTO `sys_role_resource` VALUES ('4028120c73c39dc10173c3aaa6d50007', '122');
INSERT INTO `sys_role_resource` VALUES ('4028120c73c39dc10173c3aaa6d50007', '1241');
INSERT INTO `sys_role_resource` VALUES ('4028120c73c39dc10173c3aaa6d50007', '106');
INSERT INTO `sys_role_resource` VALUES ('4028120c73c39dc10173c3aaa6d50007', '832');
INSERT INTO `sys_role_resource` VALUES ('4028120c73c39dc10173c3aaa6d50007', '55');
INSERT INTO `sys_role_resource` VALUES ('4028120c73c39dc10173c3aaa6d50007', '127');
INSERT INTO `sys_role_resource` VALUES ('4028120c73c39dc10173c3aaa6d50007', '1311');
INSERT INTO `sys_role_resource` VALUES ('4028120c73c39dc10173c3aaa6d50007', '22');
INSERT INTO `sys_role_resource` VALUES ('4028120c73c39dc10173c3aaa6d50007', '601');
INSERT INTO `sys_role_resource` VALUES ('4028120c73c39dc10173c3aaa6d50007', '16');
INSERT INTO `sys_role_resource` VALUES ('4028120c73c39dc10173c3aaa6d50007', '23');
INSERT INTO `sys_role_resource` VALUES ('4028120c73c39dc10173c3aaa6d50007', '552');
INSERT INTO `sys_role_resource` VALUES ('4028120c73c39dc10173c3aaa6d50007', '702');
INSERT INTO `sys_role_resource` VALUES ('4028120c73c39dc10173c3aaa6d50007', '14');
INSERT INTO `sys_role_resource` VALUES ('4028120c73c39dc10173c3aaa6d50007', '81');
INSERT INTO `sys_role_resource` VALUES ('4028120c73c39dc10173c3aaa6d50007', '30');
INSERT INTO `sys_role_resource` VALUES ('4028120c73c39dc10173c3aaa6d50007', '110');
INSERT INTO `sys_role_resource` VALUES ('4028120c73c39dc10173c3aaa6d50007', '1002');
INSERT INTO `sys_role_resource` VALUES ('4028120c73c39dc10173c3aaa6d50007', '111');
INSERT INTO `sys_role_resource` VALUES ('4028120c73c39dc10173c3aaa6d50007', '1262');
INSERT INTO `sys_role_resource` VALUES ('4028120c73c39dc10173c3aaa6d50007', '65');
INSERT INTO `sys_role_resource` VALUES ('4028120c73c39dc10173c3aaa6d50007', '19');
INSERT INTO `sys_role_resource` VALUES ('4028120c73c39dc10173c3aaa6d50007', '136');
INSERT INTO `sys_role_resource` VALUES ('4028120c73c39dc10173c3aaa6d50007', '10');
INSERT INTO `sys_role_resource` VALUES ('4028120c73c39dc10173c3aaa6d50007', '115');
INSERT INTO `sys_role_resource` VALUES ('4028120c73c39dc10173c3aaa6d50007', '792');
INSERT INTO `sys_role_resource` VALUES ('4028120c73c39dc10173c3aaa6d50007', '64');
INSERT INTO `sys_role_resource` VALUES ('4028120c73c39dc10173c3aaa6d50007', '56');
INSERT INTO `sys_role_resource` VALUES ('4028120c73c39dc10173c3aaa6d50007', '31');
INSERT INTO `sys_role_resource` VALUES ('4028120c73c39dc10173c3aaa6d50007', '80');
INSERT INTO `sys_role_resource` VALUES ('4028120c73c39dc10173c3aaa6d50007', '15');
INSERT INTO `sys_role_resource` VALUES ('4028120c73c39dc10173c3aaa6d50007', '961');
INSERT INTO `sys_role_resource` VALUES ('4028120c73c39dc10173c3aaa6d50007', '602');
INSERT INTO `sys_role_resource` VALUES ('4028120c73c39dc10173c3aaa6d50007', '1151');
INSERT INTO `sys_role_resource` VALUES ('4028120c73c39dc10173c3aaa6d50007', '1242');
INSERT INTO `sys_role_resource` VALUES ('4028120c73c39dc10173c3aaa6d50007', '862');
INSERT INTO `sys_role_resource` VALUES ('4028120c73c39dc10173c3aaa6d50007', '7');
INSERT INTO `sys_role_resource` VALUES ('4028120c73c39dc10173c3aaa6d50007', '45');
INSERT INTO `sys_role_resource` VALUES ('4028120c73c39dc10173c3aaa6d50007', '96');
INSERT INTO `sys_role_resource` VALUES ('4028120c73c39dc10173c3aaa6d50007', '581');
INSERT INTO `sys_role_resource` VALUES ('4028120c73c39dc10173c3aaa6d50007', '97');
INSERT INTO `sys_role_resource` VALUES ('4028120c73c39dc10173c3aaa6d50007', '44');
INSERT INTO `sys_role_resource` VALUES ('4028120c73c39dc10173c3aaa6d50007', '9');
INSERT INTO `sys_role_resource` VALUES ('4028120c73c39dc10173c3aaa6d50007', '118');
INSERT INTO `sys_role_resource` VALUES ('4028120c73c39dc10173c3aaa6d50007', '6');
INSERT INTO `sys_role_resource` VALUES ('4028120c73c39dc10173c3aaa6d50007', '131');
INSERT INTO `sys_role_resource` VALUES ('4028120c73c39dc10173c3aaa6d50007', '95');
INSERT INTO `sys_role_resource` VALUES ('4028120c73c39dc10173c3aaa6d50007', '98');
INSERT INTO `sys_role_resource` VALUES ('4028120c73c39dc10173c3aaa6d50007', '582');
INSERT INTO `sys_role_resource` VALUES ('4028120c73c39dc10173c3aaa6d50007', '982');
INSERT INTO `sys_role_resource` VALUES ('4028120c73c39dc10173c3aaa6d50007', '117');
INSERT INTO `sys_role_resource` VALUES ('4028120c73c39dc10173c3aaa6d50007', '60');
INSERT INTO `sys_role_resource` VALUES ('4028120c73c39dc10173c3aaa6d50007', '981');
INSERT INTO `sys_role_resource` VALUES ('4028120c73c39dc10173c3aaa6d50007', '43');
INSERT INTO `sys_role_resource` VALUES ('4028120c73c39dc10173c3aaa6d50007', '116');
INSERT INTO `sys_role_resource` VALUES ('4028120c73c39dc10173c3aaa6d50007', '61');
INSERT INTO `sys_role_resource` VALUES ('4028120c73c39dc10173c3aaa6d50007', '962');
INSERT INTO `sys_role_resource` VALUES ('4028120c73c39dc10173c3aaa6d50007', '1');
INSERT INTO `sys_role_resource` VALUES ('4028120c73c39dc10173c3aaa6d50007', '135');
INSERT INTO `sys_role_resource` VALUES ('4028120c73c39dc10173c3aaa6d50007', '112');
INSERT INTO `sys_role_resource` VALUES ('4028120c73c39dc10173c3aaa6d50007', '11');
INSERT INTO `sys_role_resource` VALUES ('4028120c73c39dc10173c3aaa6d50007', '99');
INSERT INTO `sys_role_resource` VALUES ('4028120c73c39dc10173c3aaa6d50007', '47');
INSERT INTO `sys_role_resource` VALUES ('4028120c73c39dc10173c3aaa6d50007', '1212');
INSERT INTO `sys_role_resource` VALUES ('4028120c73c39dc10173c3aaa6d50007', '63');
INSERT INTO `sys_role_resource` VALUES ('4028120c73c39dc10173c3aaa6d50007', '40');
INSERT INTO `sys_role_resource` VALUES ('4028120c73c39dc10173c3aaa6d50007', '94');
INSERT INTO `sys_role_resource` VALUES ('4028120c73c39dc10173c3aaa6d50007', '8');
INSERT INTO `sys_role_resource` VALUES ('4028120c73c39dc10173c3aaa6d50007', '17');
INSERT INTO `sys_role_resource` VALUES ('4028120c73c39dc10173c3aaa6d50007', '551');
INSERT INTO `sys_role_resource` VALUES ('4028120c73c39dc10173c3aaa6d50007', '101');
INSERT INTO `sys_role_resource` VALUES ('4028120c73c39dc10173c3aaa6d50007', '703');
INSERT INTO `sys_role_resource` VALUES ('4028120c73c39dc10173c3aaa6d50007', '104');
INSERT INTO `sys_role_resource` VALUES ('4028120c73c39dc10173c3aaa6d50007', '1001');
INSERT INTO `sys_role_resource` VALUES ('4028120c73c39dc10173c3aaa6d50007', '13');
INSERT INTO `sys_role_resource` VALUES ('4028120c73c39dc10173c3aaa6d50007', '20');
INSERT INTO `sys_role_resource` VALUES ('4028120c73c39dc10173c3aaa6d50007', '58');
INSERT INTO `sys_role_resource` VALUES ('4028120c73c39dc10173c3aaa6d50007', '12');
INSERT INTO `sys_role_resource` VALUES ('4028120c73c39dc10173c3aaa6d50007', '1261');
INSERT INTO `sys_role_resource` VALUES ('4028120c73c39dc10173c3aaa6d50007', '82');
INSERT INTO `sys_role_resource` VALUES ('4028120c73c39dc10173c3aaa6d50007', '942');
INSERT INTO `sys_role_resource` VALUES ('4028120c73c39dc10173c3aaa6d50007', '74');
INSERT INTO `sys_role_resource` VALUES ('4028120c73c39dc10173c3aaa6d50007', '10000');
INSERT INTO `sys_role_resource` VALUES ('4028120c73c39dc10173c3aaa6d50007', '33');
INSERT INTO `sys_role_resource` VALUES ('4028120c73c39dc10173c3aaa6d50007', '79');
INSERT INTO `sys_role_resource` VALUES ('4028120c73c39dc10173c3aaa6d50007', '62');
INSERT INTO `sys_role_resource` VALUES ('4028120c73c39dc10173c3aaa6d50007', '662');
INSERT INTO `sys_role_resource` VALUES ('4028120c73c39dc10173c3aaa6d50007', '1042');
INSERT INTO `sys_role_resource` VALUES ('4028120c73c39dc10173c3aaa6d50007', '59');
INSERT INTO `sys_role_resource` VALUES ('4028120c73c39dc10173c3aaa6d50007', '1000');
INSERT INTO `sys_role_resource` VALUES ('4028120c73c39dc10173c3aaa6d50007', '25');
INSERT INTO `sys_role_resource` VALUES ('4028120c73c39dc10173c3aaa6d50007', '1091');
INSERT INTO `sys_role_resource` VALUES ('4028120c73c39dc10173c3aaa6d50007', '41');
INSERT INTO `sys_role_resource` VALUES ('4028120c73c39dc10173c3aaa6d50007', '100');
INSERT INTO `sys_role_resource` VALUES ('4028120c73c39dc10173c3aaa6d50007', '46');
INSERT INTO `sys_role_resource` VALUES ('4028120c73c39dc10173c3aaa6d50007', '105');
INSERT INTO `sys_role_resource` VALUES ('4028120c73c39dc10173c3aaa6d50007', '38');
INSERT INTO `sys_role_resource` VALUES ('4028120c73c39dc10173c3aea46b01fe', '7');
INSERT INTO `sys_role_resource` VALUES ('4028120c73c39dc10173c3aea46b01fe', '45');
INSERT INTO `sys_role_resource` VALUES ('4028120c73c39dc10173c3aea46b01fe', '863');
INSERT INTO `sys_role_resource` VALUES ('4028120c73c39dc10173c3aea46b01fe', '25');
INSERT INTO `sys_role_resource` VALUES ('4028120c73c39dc10173c3aea46b01fe', '87');
INSERT INTO `sys_role_resource` VALUES ('4028120c73c39dc10173c3aea46b01fe', '882');
INSERT INTO `sys_role_resource` VALUES ('4028120c73c39dc10173c3aea46b01fe', '552');
INSERT INTO `sys_role_resource` VALUES ('4028120c73c39dc10173c3aea46b01fe', '86');
INSERT INTO `sys_role_resource` VALUES ('4028120c73c39dc10173c3aea46b01fe', '861');
INSERT INTO `sys_role_resource` VALUES ('4028120c73c39dc10173c3aea46b01fe', '46');
INSERT INTO `sys_role_resource` VALUES ('4028120c73c39dc10173c3aea46b01fe', '1000');
INSERT INTO `sys_role_resource` VALUES ('4028120c73c39dc10173c3aea46b01fe', '862');
INSERT INTO `sys_role_resource` VALUES ('4028120c73c39dc10173c3b073bb0214', '17');
INSERT INTO `sys_role_resource` VALUES ('4028120c73c39dc10173c3b073bb0214', '136');
INSERT INTO `sys_role_resource` VALUES ('4028120c73c39dc10173c3b073bb0214', '10002');
INSERT INTO `sys_role_resource` VALUES ('4028120c73c39dc10173c3b073bb0214', '482');
INSERT INTO `sys_role_resource` VALUES ('4028120c73c39dc10173c3b073bb0214', '78');
INSERT INTO `sys_role_resource` VALUES ('4028120c73c39dc10173c3b073bb0214', '123');
INSERT INTO `sys_role_resource` VALUES ('4028120c73c39dc10173c3b073bb0214', '126');
INSERT INTO `sys_role_resource` VALUES ('4028120c73c39dc10173c3b073bb0214', '10001');
INSERT INTO `sys_role_resource` VALUES ('4028120c73c39dc10173c3b073bb0214', '48');
INSERT INTO `sys_role_resource` VALUES ('4028120c73c39dc10173c3b073bb0214', '122');
INSERT INTO `sys_role_resource` VALUES ('4028120c73c39dc10173c3b073bb0214', '121');
INSERT INTO `sys_role_resource` VALUES ('4028120c73c39dc10173c3b073bb0214', '1262');
INSERT INTO `sys_role_resource` VALUES ('4028120c73c39dc10173c3b073bb0214', '100');
INSERT INTO `sys_role_resource` VALUES ('4028120c73c39dc10173c3b073bb0214', '1212');
INSERT INTO `sys_role_resource` VALUES ('4028120c73c39dc10173c3b073bb0214', '40');
INSERT INTO `sys_role_resource` VALUES ('4028120c73c39dc10173c3b073bb0214', '19');
INSERT INTO `sys_role_resource` VALUES ('4028120c73c39dc10173c3b073bb0214', '1211');
INSERT INTO `sys_role_resource` VALUES ('4028120c73c39dc10173c3b073bb0214', '1261');
INSERT INTO `sys_role_resource` VALUES ('4028120c73c39dc10173c3b073bb0214', '127');
INSERT INTO `sys_role_resource` VALUES ('4028120c73c39dc10173c3b073bb0214', '10003');
INSERT INTO `sys_role_resource` VALUES ('4028120c73c39dc10173c3b073bb0214', '481');
INSERT INTO `sys_role_resource` VALUES ('4028120c73c39dc10173c3b073bb0214', '38');
INSERT INTO `sys_role_resource` VALUES ('4028120c73c39dc10173c3b073bb0214', '10000');
INSERT INTO `sys_role_resource` VALUES ('4028120c73c39dc10173c3abce420083', '7');
INSERT INTO `sys_role_resource` VALUES ('4028120c73c39dc10173c3abce420083', '130');
INSERT INTO `sys_role_resource` VALUES ('4028120c73c39dc10173c3abce420083', '581');
INSERT INTO `sys_role_resource` VALUES ('4028120c73c39dc10173c3abce420083', '482');
INSERT INTO `sys_role_resource` VALUES ('4028120c73c39dc10173c3abce420083', '9');
INSERT INTO `sys_role_resource` VALUES ('4028120c73c39dc10173c3abce420083', '681');
INSERT INTO `sys_role_resource` VALUES ('4028120c73c39dc10173c3abce420083', '683');
INSERT INTO `sys_role_resource` VALUES ('4028120c73c39dc10173c3abce420083', '1291');
INSERT INTO `sys_role_resource` VALUES ('4028120c73c39dc10173c3abce420083', '721');
INSERT INTO `sys_role_resource` VALUES ('4028120c73c39dc10173c3abce420083', '882');
INSERT INTO `sys_role_resource` VALUES ('4028120c73c39dc10173c3abce420083', '682');
INSERT INTO `sys_role_resource` VALUES ('4028120c73c39dc10173c3abce420083', '1292');
INSERT INTO `sys_role_resource` VALUES ('4028120c73c39dc10173c3abce420083', '812');
INSERT INTO `sys_role_resource` VALUES ('4028120c73c39dc10173c3abce420083', '84');
INSERT INTO `sys_role_resource` VALUES ('4028120c73c39dc10173c3abce420083', '811');
INSERT INTO `sys_role_resource` VALUES ('4028120c73c39dc10173c3abce420083', '11');
INSERT INTO `sys_role_resource` VALUES ('4028120c73c39dc10173c3abce420083', '129');
INSERT INTO `sys_role_resource` VALUES ('4028120c73c39dc10173c3abce420083', '632');
INSERT INTO `sys_role_resource` VALUES ('4028120c73c39dc10173c3abce420083', '122');
INSERT INTO `sys_role_resource` VALUES ('4028120c73c39dc10173c3abce420083', '832');
INSERT INTO `sys_role_resource` VALUES ('4028120c73c39dc10173c3abce420083', '1212');
INSERT INTO `sys_role_resource` VALUES ('4028120c73c39dc10173c3abce420083', '40');
INSERT INTO `sys_role_resource` VALUES ('4028120c73c39dc10173c3abce420083', '8');
INSERT INTO `sys_role_resource` VALUES ('4028120c73c39dc10173c3abce420083', '71');
INSERT INTO `sys_role_resource` VALUES ('4028120c73c39dc10173c3abce420083', '22');
INSERT INTO `sys_role_resource` VALUES ('4028120c73c39dc10173c3abce420083', '701');
INSERT INTO `sys_role_resource` VALUES ('4028120c73c39dc10173c3abce420083', '17');
INSERT INTO `sys_role_resource` VALUES ('4028120c73c39dc10173c3abce420083', '601');
INSERT INTO `sys_role_resource` VALUES ('4028120c73c39dc10173c3abce420083', '68');
INSERT INTO `sys_role_resource` VALUES ('4028120c73c39dc10173c3abce420083', '73');
INSERT INTO `sys_role_resource` VALUES ('4028120c73c39dc10173c3abce420083', '72');
INSERT INTO `sys_role_resource` VALUES ('4028120c73c39dc10173c3abce420083', '16');
INSERT INTO `sys_role_resource` VALUES ('4028120c73c39dc10173c3abce420083', '23');
INSERT INTO `sys_role_resource` VALUES ('4028120c73c39dc10173c3abce420083', '552');
INSERT INTO `sys_role_resource` VALUES ('4028120c73c39dc10173c3abce420083', '702');
INSERT INTO `sys_role_resource` VALUES ('4028120c73c39dc10173c3abce420083', '703');
INSERT INTO `sys_role_resource` VALUES ('4028120c73c39dc10173c3abce420083', '67');
INSERT INTO `sys_role_resource` VALUES ('4028120c73c39dc10173c3abce420083', '81');
INSERT INTO `sys_role_resource` VALUES ('4028120c73c39dc10173c3abce420083', '661');
INSERT INTO `sys_role_resource` VALUES ('4028120c73c39dc10173c3abce420083', '13');
INSERT INTO `sys_role_resource` VALUES ('4028120c73c39dc10173c3abce420083', '20');
INSERT INTO `sys_role_resource` VALUES ('4028120c73c39dc10173c3abce420083', '12');
INSERT INTO `sys_role_resource` VALUES ('4028120c73c39dc10173c3abce420083', '19');
INSERT INTO `sys_role_resource` VALUES ('4028120c73c39dc10173c3abce420083', '1261');
INSERT INTO `sys_role_resource` VALUES ('4028120c73c39dc10173c3abce420083', '66');
INSERT INTO `sys_role_resource` VALUES ('4028120c73c39dc10173c3abce420083', '82');
INSERT INTO `sys_role_resource` VALUES ('4028120c73c39dc10173c3abce420083', '74');
INSERT INTO `sys_role_resource` VALUES ('4028120c73c39dc10173c3abce420083', '10');
INSERT INTO `sys_role_resource` VALUES ('4028120c73c39dc10173c3abce420083', '83');
INSERT INTO `sys_role_resource` VALUES ('4028120c73c39dc10173c3abce420083', '662');
INSERT INTO `sys_role_resource` VALUES ('4028120c73c39dc10173c3abce420083', '792');
INSERT INTO `sys_role_resource` VALUES ('4028120c73c39dc10173c3abce420083', '1000');
INSERT INTO `sys_role_resource` VALUES ('4028120c73c39dc10173c3abce420083', '25');
INSERT INTO `sys_role_resource` VALUES ('4028120c73c39dc10173c3abce420083', '70');
INSERT INTO `sys_role_resource` VALUES ('4028120c73c39dc10173c3abce420083', '41');
INSERT INTO `sys_role_resource` VALUES ('4028120c73c39dc10173c3abce420083', '100');
INSERT INTO `sys_role_resource` VALUES ('4028120c73c39dc10173c3abce420083', '15');
INSERT INTO `sys_role_resource` VALUES ('4028120c73c39dc10173c3abce420083', '69');
INSERT INTO `sys_role_resource` VALUES ('4028120c73c39dc10173c3abce420083', '831');
INSERT INTO `sys_role_resource` VALUES ('4028120c73c39dc10173c3abce420083', '38');
INSERT INTO `sys_role_resource` VALUES ('297e042f7278ec86017278fa4e76000a', '40283f8172d99e580172daaef76a0000');
INSERT INTO `sys_role_resource` VALUES ('1', '41');
INSERT INTO `sys_role_resource` VALUES ('1', '43');
INSERT INTO `sys_role_resource` VALUES ('1', '44');
INSERT INTO `sys_role_resource` VALUES ('1', '45');
INSERT INTO `sys_role_resource` VALUES ('1', '46');
INSERT INTO `sys_role_resource` VALUES ('1', '47');
INSERT INTO `sys_role_resource` VALUES ('1', '48');
INSERT INTO `sys_role_resource` VALUES ('1', '481');
INSERT INTO `sys_role_resource` VALUES ('1', '482');
INSERT INTO `sys_role_resource` VALUES ('1', '49');
INSERT INTO `sys_role_resource` VALUES ('1', '491');
INSERT INTO `sys_role_resource` VALUES ('1', '492');
INSERT INTO `sys_role_resource` VALUES ('1', '5');
INSERT INTO `sys_role_resource` VALUES ('1', '50');
INSERT INTO `sys_role_resource` VALUES ('1', '51');
INSERT INTO `sys_role_resource` VALUES ('1', '511');
INSERT INTO `sys_role_resource` VALUES ('1', '512');
INSERT INTO `sys_role_resource` VALUES ('1', '52');
INSERT INTO `sys_role_resource` VALUES ('1', '53');
INSERT INTO `sys_role_resource` VALUES ('1', '531');
INSERT INTO `sys_role_resource` VALUES ('1', '532');
INSERT INTO `sys_role_resource` VALUES ('1', '54');
INSERT INTO `sys_role_resource` VALUES ('1', '55');
INSERT INTO `sys_role_resource` VALUES ('1', '551');
INSERT INTO `sys_role_resource` VALUES ('1', '552');
INSERT INTO `sys_role_resource` VALUES ('1', '56');
INSERT INTO `sys_role_resource` VALUES ('1', '57');
INSERT INTO `sys_role_resource` VALUES ('1', '58');
INSERT INTO `sys_role_resource` VALUES ('1', '581');
INSERT INTO `sys_role_resource` VALUES ('1', '582');
INSERT INTO `sys_role_resource` VALUES ('1', '59');
INSERT INTO `sys_role_resource` VALUES ('1', '6');
INSERT INTO `sys_role_resource` VALUES ('1', '60');
INSERT INTO `sys_role_resource` VALUES ('1', '601');
INSERT INTO `sys_role_resource` VALUES ('1', '602');
INSERT INTO `sys_role_resource` VALUES ('1', '61');
INSERT INTO `sys_role_resource` VALUES ('1', '62');
INSERT INTO `sys_role_resource` VALUES ('1', '63');
INSERT INTO `sys_role_resource` VALUES ('1', '631');
INSERT INTO `sys_role_resource` VALUES ('1', '632');
INSERT INTO `sys_role_resource` VALUES ('1', '64');
INSERT INTO `sys_role_resource` VALUES ('1', '65');
INSERT INTO `sys_role_resource` VALUES ('1', '66');
INSERT INTO `sys_role_resource` VALUES ('1', '661');
INSERT INTO `sys_role_resource` VALUES ('1', '662');
INSERT INTO `sys_role_resource` VALUES ('1', '67');
INSERT INTO `sys_role_resource` VALUES ('1', '68');
INSERT INTO `sys_role_resource` VALUES ('1', '681');
INSERT INTO `sys_role_resource` VALUES ('1', '682');
INSERT INTO `sys_role_resource` VALUES ('1', '683');
INSERT INTO `sys_role_resource` VALUES ('1', '69');
INSERT INTO `sys_role_resource` VALUES ('1', '7');
INSERT INTO `sys_role_resource` VALUES ('1', '70');
INSERT INTO `sys_role_resource` VALUES ('1', '701');
INSERT INTO `sys_role_resource` VALUES ('1', '702');
INSERT INTO `sys_role_resource` VALUES ('1', '703');
INSERT INTO `sys_role_resource` VALUES ('1', '71');
INSERT INTO `sys_role_resource` VALUES ('1', '72');
INSERT INTO `sys_role_resource` VALUES ('1', '721');
INSERT INTO `sys_role_resource` VALUES ('1', '73');
INSERT INTO `sys_role_resource` VALUES ('1', '74');
INSERT INTO `sys_role_resource` VALUES ('1', '75');
INSERT INTO `sys_role_resource` VALUES ('1', '751');
INSERT INTO `sys_role_resource` VALUES ('1', '76');
INSERT INTO `sys_role_resource` VALUES ('1', '77');
INSERT INTO `sys_role_resource` VALUES ('1', '78');
INSERT INTO `sys_role_resource` VALUES ('1', '79');
INSERT INTO `sys_role_resource` VALUES ('1', '791');
INSERT INTO `sys_role_resource` VALUES ('1', '792');
INSERT INTO `sys_role_resource` VALUES ('1', '8');
INSERT INTO `sys_role_resource` VALUES ('1', '80');
INSERT INTO `sys_role_resource` VALUES ('1', '81');
INSERT INTO `sys_role_resource` VALUES ('1', '811');
INSERT INTO `sys_role_resource` VALUES ('1', '812');
INSERT INTO `sys_role_resource` VALUES ('1', '82');
INSERT INTO `sys_role_resource` VALUES ('1', '83');
INSERT INTO `sys_role_resource` VALUES ('1', '831');
INSERT INTO `sys_role_resource` VALUES ('1', '832');
INSERT INTO `sys_role_resource` VALUES ('1', '84');
INSERT INTO `sys_role_resource` VALUES ('1', '86');
INSERT INTO `sys_role_resource` VALUES ('1', '861');
INSERT INTO `sys_role_resource` VALUES ('1', '862');
INSERT INTO `sys_role_resource` VALUES ('1', '863');
INSERT INTO `sys_role_resource` VALUES ('1', '87');
INSERT INTO `sys_role_resource` VALUES ('1', '88');
INSERT INTO `sys_role_resource` VALUES ('1', '881');
INSERT INTO `sys_role_resource` VALUES ('1', '882');
INSERT INTO `sys_role_resource` VALUES ('1', '89');
INSERT INTO `sys_role_resource` VALUES ('8a8cb1b4729275c901729291808a000f', '3');
INSERT INTO `sys_role_resource` VALUES ('8a8cb1b4729275c901729291808a000f', '50');
INSERT INTO `sys_role_resource` VALUES ('1', '13');
INSERT INTO `sys_role_resource` VALUES ('1', '116');
INSERT INTO `sys_role_resource` VALUES ('1', '47');
INSERT INTO `sys_role_resource` VALUES ('1', '94');
INSERT INTO `sys_role_resource` VALUES ('1', '133');
INSERT INTO `sys_role_resource` VALUES ('1', '81');
INSERT INTO `sys_role_resource` VALUES ('1', '30');
INSERT INTO `sys_role_resource` VALUES ('1', '60');
INSERT INTO `sys_role_resource` VALUES ('1', '112');
INSERT INTO `sys_role_resource` VALUES ('1', '90');
INSERT INTO `sys_role_resource` VALUES ('1', '34');
INSERT INTO `sys_role_resource` VALUES ('1', '17');
INSERT INTO `sys_role_resource` VALUES ('1', '43');
INSERT INTO `sys_role_resource` VALUES ('1', '68');
INSERT INTO `sys_role_resource` VALUES ('1', '77');
INSERT INTO `sys_role_resource` VALUES ('1', '7');
INSERT INTO `sys_role_resource` VALUES ('1', '86');
INSERT INTO `sys_role_resource` VALUES ('1', '22');
INSERT INTO `sys_role_resource` VALUES ('1', '55');
INSERT INTO `sys_role_resource` VALUES ('1', '124');
INSERT INTO `sys_role_resource` VALUES ('1', '39');
INSERT INTO `sys_role_resource` VALUES ('1', '104');
INSERT INTO `sys_role_resource` VALUES ('1', '129');
INSERT INTO `sys_role_resource` VALUES ('1', '73');
INSERT INTO `sys_role_resource` VALUES ('1', '65');
INSERT INTO `sys_role_resource` VALUES ('1', '98');
INSERT INTO `sys_role_resource` VALUES ('1', '132');
INSERT INTO `sys_role_resource` VALUES ('1', '46');
INSERT INTO `sys_role_resource` VALUES ('1', '95');
INSERT INTO `sys_role_resource` VALUES ('1', '6');
INSERT INTO `sys_role_resource` VALUES ('1', '115');
INSERT INTO `sys_role_resource` VALUES ('1', '134');
INSERT INTO `sys_role_resource` VALUES ('1', '27');
INSERT INTO `sys_role_resource` VALUES ('1', '63');
INSERT INTO `sys_role_resource` VALUES ('1', '33');
INSERT INTO `sys_role_resource` VALUES ('1', '59');
INSERT INTO `sys_role_resource` VALUES ('1', '10');
INSERT INTO `sys_role_resource` VALUES ('1', '76');
INSERT INTO `sys_role_resource` VALUES ('1', '121');
INSERT INTO `sys_role_resource` VALUES ('1', '52');
INSERT INTO `sys_role_resource` VALUES ('1', '16');
INSERT INTO `sys_role_resource` VALUES ('1', '111');
INSERT INTO `sys_role_resource` VALUES ('1', '125');
INSERT INTO `sys_role_resource` VALUES ('1', '36');
INSERT INTO `sys_role_resource` VALUES ('1', '69');
INSERT INTO `sys_role_resource` VALUES ('1', '72');
INSERT INTO `sys_role_resource` VALUES ('1', '82');
INSERT INTO `sys_role_resource` VALUES ('1', '3');
INSERT INTO `sys_role_resource` VALUES ('1', '99');
INSERT INTO `sys_role_resource` VALUES ('1', '23');
INSERT INTO `sys_role_resource` VALUES ('1', '92');
INSERT INTO `sys_role_resource` VALUES ('1', '89');
INSERT INTO `sys_role_resource` VALUES ('1', '56');
INSERT INTO `sys_role_resource` VALUES ('1', '105');
INSERT INTO `sys_role_resource` VALUES ('1', '79');
INSERT INTO `sys_role_resource` VALUES ('1', '62');
INSERT INTO `sys_role_resource` VALUES ('1', '118');
INSERT INTO `sys_role_resource` VALUES ('1', '9');
INSERT INTO `sys_role_resource` VALUES ('1', '101');
INSERT INTO `sys_role_resource` VALUES ('1', '5');
INSERT INTO `sys_role_resource` VALUES ('1', '131');
INSERT INTO `sys_role_resource` VALUES ('1', '45');
INSERT INTO `sys_role_resource` VALUES ('1', '96');
INSERT INTO `sys_role_resource` VALUES ('1', '66');
INSERT INTO `sys_role_resource` VALUES ('1', '75');
INSERT INTO `sys_role_resource` VALUES ('1', '15');
INSERT INTO `sys_role_resource` VALUES ('1', '58');
INSERT INTO `sys_role_resource` VALUES ('1', '127');
INSERT INTO `sys_role_resource` VALUES ('1', '11');
INSERT INTO `sys_role_resource` VALUES ('1', '49');
INSERT INTO `sys_role_resource` VALUES ('1', '135');
INSERT INTO `sys_role_resource` VALUES ('1', '71');
INSERT INTO `sys_role_resource` VALUES ('1', '1');
INSERT INTO `sys_role_resource` VALUES ('1', '109');
INSERT INTO `sys_role_resource` VALUES ('1', '53');
INSERT INTO `sys_role_resource` VALUES ('1', '20');
INSERT INTO `sys_role_resource` VALUES ('1', '88');
INSERT INTO `sys_role_resource` VALUES ('1', '70');
INSERT INTO `sys_role_resource` VALUES ('1', '122');
INSERT INTO `sys_role_resource` VALUES ('1', '57');
INSERT INTO `sys_role_resource` VALUES ('1', '50');
INSERT INTO `sys_role_resource` VALUES ('1', '83');
INSERT INTO `sys_role_resource` VALUES ('1', '91');
INSERT INTO `sys_role_resource` VALUES ('1', '19');
INSERT INTO `sys_role_resource` VALUES ('1', '40');
INSERT INTO `sys_role_resource` VALUES ('1', '106');
INSERT INTO `sys_role_resource` VALUES ('1', '4');
INSERT INTO `sys_role_resource` VALUES ('1', '117');
INSERT INTO `sys_role_resource` VALUES ('1', '14');
INSERT INTO `sys_role_resource` VALUES ('1', '8');
INSERT INTO `sys_role_resource` VALUES ('1', '61');
INSERT INTO `sys_role_resource` VALUES ('1', '100');
INSERT INTO `sys_role_resource` VALUES ('1', '130');
INSERT INTO `sys_role_resource` VALUES ('1', '78');
INSERT INTO `sys_role_resource` VALUES ('1', '93');
INSERT INTO `sys_role_resource` VALUES ('1', '48');
INSERT INTO `sys_role_resource` VALUES ('1', '12');
INSERT INTO `sys_role_resource` VALUES ('1', '18');
INSERT INTO `sys_role_resource` VALUES ('1', '2');
INSERT INTO `sys_role_resource` VALUES ('1', '35');
INSERT INTO `sys_role_resource` VALUES ('1', '25');
INSERT INTO `sys_role_resource` VALUES ('1', '67');
INSERT INTO `sys_role_resource` VALUES ('1', '136');
INSERT INTO `sys_role_resource` VALUES ('1', '80');
INSERT INTO `sys_role_resource` VALUES ('1', '44');
INSERT INTO `sys_role_resource` VALUES ('1', '126');
INSERT INTO `sys_role_resource` VALUES ('1', '54');
INSERT INTO `sys_role_resource` VALUES ('1', '87');
INSERT INTO `sys_role_resource` VALUES ('1', '38');
INSERT INTO `sys_role_resource` VALUES ('1', '110');
INSERT INTO `sys_role_resource` VALUES ('1', '51');
INSERT INTO `sys_role_resource` VALUES ('1', '84');
INSERT INTO `sys_role_resource` VALUES ('1', '74');
INSERT INTO `sys_role_resource` VALUES ('1', '41');
INSERT INTO `sys_role_resource` VALUES ('1', '64');
INSERT INTO `sys_role_resource` VALUES ('1', '97');
INSERT INTO `sys_role_resource` VALUES ('1', '28');
INSERT INTO `sys_role_resource` VALUES ('1', '31');
INSERT INTO `sys_role_resource` VALUES ('1', '123');
INSERT INTO `sys_role_resource` VALUES ('297e042f7278ec86017278fa4e76000a', '54');
INSERT INTO `sys_role_resource` VALUES ('297e042f7278ec86017278fa4e76000a', '132');
INSERT INTO `sys_role_resource` VALUES ('297e042f7278ec86017278fa4e76000a', '53');
INSERT INTO `sys_role_resource` VALUES ('297e042f7278ec86017278fa4e76000a', '133');
INSERT INTO `sys_role_resource` VALUES ('297e042f7278ec86017278fa4e76000a', '134');
INSERT INTO `sys_role_resource` VALUES ('297e042f7278ec86017278fa4e76000a', '5');
INSERT INTO `sys_role_resource` VALUES ('297e042f7278ec86017278fa4e76000a', '51');
INSERT INTO `sys_role_resource` VALUES ('297e042f7278ec86017278fa4e76000a', '3');
INSERT INTO `sys_role_resource` VALUES ('297e042f7278ec86017278fa4e76000a', '2');
INSERT INTO `sys_role_resource` VALUES ('297e042f7278ec86017278fa4e76000a', '50');
INSERT INTO `sys_role_resource` VALUES ('297e042f7278ec86017278fa4e76000a', '49');
INSERT INTO `sys_role_resource` VALUES ('297e042f7278ec86017278fa4e76000a', '52');
INSERT INTO `sys_role_resource` VALUES ('297e042f7278ec86017278fa4e76000a', '4');
INSERT INTO `sys_role_resource` VALUES ('8a8cb1fb72e5140d0172e52228100000', '492');
INSERT INTO `sys_role_resource` VALUES ('8a8cb1fb72e5140d0172e52228100000', '3');
INSERT INTO `sys_role_resource` VALUES ('8a8cb1fb72e5140d0172e52228100000', '2');
INSERT INTO `sys_role_resource` VALUES ('1', '9');
INSERT INTO `sys_role_resource` VALUES ('1', '90');
INSERT INTO `sys_role_resource` VALUES ('1', '901');
INSERT INTO `sys_role_resource` VALUES ('1', '902');
INSERT INTO `sys_role_resource` VALUES ('1', '91');
INSERT INTO `sys_role_resource` VALUES ('1', '92');
INSERT INTO `sys_role_resource` VALUES ('1', '921');
INSERT INTO `sys_role_resource` VALUES ('1', '922');
INSERT INTO `sys_role_resource` VALUES ('1', '93');
INSERT INTO `sys_role_resource` VALUES ('1', '94');
INSERT INTO `sys_role_resource` VALUES ('1', '941');
INSERT INTO `sys_role_resource` VALUES ('1', '942');
INSERT INTO `sys_role_resource` VALUES ('1', '95');
INSERT INTO `sys_role_resource` VALUES ('1', '96');
INSERT INTO `sys_role_resource` VALUES ('1', '961');
INSERT INTO `sys_role_resource` VALUES ('1', '962');
INSERT INTO `sys_role_resource` VALUES ('1', '97');
INSERT INTO `sys_role_resource` VALUES ('1', '98');
INSERT INTO `sys_role_resource` VALUES ('1', '981');
INSERT INTO `sys_role_resource` VALUES ('1', '982');
INSERT INTO `sys_role_resource` VALUES ('1', '99');


INSERT INTO `sys_role` VALUES ('1', '超级管理员', '超级管理员', null, null, null, null);
INSERT INTO `sys_role` VALUES ('2', '供应商', '供应商', null, null, null, null);
INSERT INTO `sys_role` VALUES ('4028120c73c39dc10173c3aaa6d50007', '内仓', '内仓用户负责物料、成品仓储、供给', '1', '1', '2020-08-06 20:06:48', '2020-08-06 20:06:48');
INSERT INTO `sys_role` VALUES ('4028120c73c39dc10173c3abce420083', '产线', '产线负责产品的生产，确保校验合格的成品供给', '1', '1', '2020-08-06 20:08:03', '2020-08-06 20:13:43');
INSERT INTO `sys_role` VALUES ('4028120c73c39dc10173c3aea46b01fe', '门卫', '门卫负责园区日常管理，货物车辆进出入管理', '1', '1', '2020-08-06 20:11:09', '2020-08-06 20:11:49');
INSERT INTO `sys_role` VALUES ('4028120c73c39dc10173c3b073bb0214', '销售', '产品销售录入销售单以及交付计划、出货计划', '1', '1', '2020-08-06 20:13:08', '2020-08-06 20:13:08');


-- ----------------------------
-- Records of sys_resource
-- ----------------------------
INSERT INTO `sys_resource` VALUES ('1', 'editSupplierOrder', '1', '/editSupplierOrder', 'supplierOrder:edit', '2', '0', '44', '1', '1', null, null, null, '编辑原材料订单');
INSERT INTO `sys_resource` VALUES ('10', 'faStorehouseManage', '0', '/faStorehouseManage', 'faStorehouseManage', '2', '13', '1000', '1', '1', null, '2020-07-27 10:06:52', null, '库位管理');
INSERT INTO `sys_resource` VALUES ('100', 'detail', '1', '/detail', 'detail', '2', '1', '19', '1', '1', null, null, null, '销售单详情');
INSERT INTO `sys_resource` VALUES ('1000', 'commonDataMgr', '0', '/commonDataMgr', 'commonDataMgr', '1', '1', '0', '1', '1', null, null, 'dic', '基础数据管理');
INSERT INTO `sys_resource` VALUES ('10000', 'outProductApplication', '0', '/outProductApplication', 'application:list', '2', '4', '17', '1', '1', null, null, null, '出货申请单');
INSERT INTO `sys_resource` VALUES ('10001', 'addApplication', '1', '/addApplication', 'application:add', '2', '0', '17', '1', '1', null, null, null, '创建出货申请单');
INSERT INTO `sys_resource` VALUES ('10002', 'editApplication', '1', '/editApplication', 'application:edit', '2', '0', '17', '1', '1', null, null, null, '编辑出货申请单');
INSERT INTO `sys_resource` VALUES ('10003', 'deleteApplication', '1', '/deleteApplication', 'application:delete', '2', '0', '17', '1', '1', null, null, null, '删除出货申请单');
INSERT INTO `sys_resource` VALUES ('1001', 'deleteSupplierOrder', '1', '/deleteSupplierOrder', 'supplierOrder:delete', '2', '0', '44', '1', '1', null, null, null, '删除原材料订单');
INSERT INTO `sys_resource` VALUES ('1002', 'supplierOrderList', '1', '/supplierOrderList', 'supplierOrder:list', '2', '0', '44', '1', '1', null, null, null, '原材料订单列表');
INSERT INTO `sys_resource` VALUES ('101', 'inboundOrderMaterialDetail', '1', '/inboundOrderMaterialDetail', 'inboundOrderMaterialDetail', '2', '4', '33', '1', '1', null, null, null, '物料入库单详情管理');
INSERT INTO `sys_resource` VALUES ('104', 'addInboundOrderProduct', '1', '/addInboundOrderProduct', 'inboundOrderProduct:add', '2', '1', '34', '1', '1', null, null, null, '新增成品入库单');
INSERT INTO `sys_resource` VALUES ('1041', 'inboundOrderProductList', '1', '/inboundOrderProductList', 'inboundOrderProduct:list', '2', '1', '34', '1', '1', null, null, null, '成品入库单列表');
INSERT INTO `sys_resource` VALUES ('1042', 'deleteInboundOrderProduct', '1', '/deleteInboundOrderProductlList', 'inboundOrderProduct:deleet', '2', '1', '34', '1', '1', null, null, null, '删除成品入库单');
INSERT INTO `sys_resource` VALUES ('105', 'editInboundOrderProduct', '1', '/editInboundOrderProduct', 'inboundOrderProduct:edit', '2', '1', '34', '1', '1', null, null, null, '编辑成品入库单');
INSERT INTO `sys_resource` VALUES ('106', 'inboundOrderProductDetail', '1', '/inboundOrderProductDetail', 'inboundOrderProductDetail', '2', '1', '34', '1', '1', null, null, null, '成品入库单详情管理');
INSERT INTO `sys_resource` VALUES ('109', 'addOutboundOrderMaterial', '1', '/addOutboundOrderMaterial', 'outboundOrderMaterial:add', '2', '2', '35', '1', '1', null, null, null, '新增物料出库单');
INSERT INTO `sys_resource` VALUES ('1091', 'deleteOutboundOrderMaterial', '1', '/deleteOutboundOrderMaterial', 'outboundOrderMaterial:delete', '2', '2', '35', '1', '1', null, null, null, '删除物料出库单');
INSERT INTO `sys_resource` VALUES ('1092', 'outboundOrderMaterialList', '1', '/outboundOrderMaterialList', 'outboundorderMaterial:list', '2', '2', '35', '1', '1', null, null, null, '物料出库单列表');
INSERT INTO `sys_resource` VALUES ('11', 'productionLine', '0', '/productionLine', 'productionLine', '1', '4', '0', '1', '1', null, null, 'line', '生产管理');
INSERT INTO `sys_resource` VALUES ('110', 'editOutboundOrderMaterial', '1', '/editOutboundOrderMaterial', 'outboundOrderMaterial:edit', '2', '2', '35', '1', '1', null, null, null, '编辑物料出库单');
INSERT INTO `sys_resource` VALUES ('111', 'printOutboundOrderMaterial', '1', '/printOutboundOrderMaterial', 'OutboundOrderMaterial:print', '2', '2', '35', '1', '1', null, null, null, '打印物料出库');
INSERT INTO `sys_resource` VALUES ('112', 'outboundOrderMaterialDetail', '1', '/outboundOrderMaterialDetail', 'outboundOrderMaterialDetail', '2', '5', '35', '1', '1', null, null, null, '物料出库单详情管理');
INSERT INTO `sys_resource` VALUES ('115', 'addOutboundOrderProduct', '1', '/addOutboundOrderProduct', 'outboundOrderProduct:add', '2', '3', '36', '1', '1', null, null, null, '新增成品出库单');
INSERT INTO `sys_resource` VALUES ('1151', 'deleteOutboundOrderProduct', '1', '/deleteOutboundOrderProduct', 'outboundOrderProduct:delete', '2', '3', '36', '1', '1', null, null, null, '删除成品出库单');
INSERT INTO `sys_resource` VALUES ('1152', 'outboundOrderProductList', '1', '/outboundOrderProductList', 'outboundOrderProduct:list', '2', '3', '36', '1', '1', null, null, null, '成品出库单列表');
INSERT INTO `sys_resource` VALUES ('116', 'editOutboundOrderProduct', '1', '/editOutboundOrderProduct', 'outboundOrderProduct:edit', '2', '3', '36', '1', '1', null, null, null, '编辑成品出库单');
INSERT INTO `sys_resource` VALUES ('117', 'printOutboundOrderProduct', '1', '/printOutboundOrderProduct', 'outboundOrderProduct:print', '2', '3', '36', '1', '1', null, null, null, '打印成品出库单');
INSERT INTO `sys_resource` VALUES ('118', 'outboundOrderProductDetail', '1', '/outboundOrderProductDetail', 'outboundOrderProductDetail', '2', '3', '36', '1', '1', null, null, null, '成品出库单详情管理');
INSERT INTO `sys_resource` VALUES ('12', 'productionLineMgr', '0', '/productionLineMgr', 'productionLineMgr', '2', '0', '1000', '1', '1', null, null, null, '产线管理');
INSERT INTO `sys_resource` VALUES ('121', 'addDeliveryPlan', '1', '/addDeliveryPlan', 'deliveryPlan:add', '2', '0', '38', '1', '1', null, null, null, '添加交付计划');
INSERT INTO `sys_resource` VALUES ('1211', 'deleteDeliveryPlan', '1', '/deleteDeliveryPlan', 'deliveryPlan:delete', '2', '0', '38', '1', '1', null, null, null, '删除交付计划');
INSERT INTO `sys_resource` VALUES ('1212', 'deliveryPlanList', '1', '/deliveryPlanList', 'deliveryPlan:list', '2', '0', '38', '1', '1', null, null, null, '交付计划列表');
INSERT INTO `sys_resource` VALUES ('122', 'detailPlan', '1', '/detailPlan', 'detailPlan', '2', '0', '38', '1', '1', null, null, null, '交付详情');
INSERT INTO `sys_resource` VALUES ('123', 'editDeliveryPlan', '1', '/editDeliveryPlan', 'deliveryPlan:edit', '2', '0', '38', '1', '1', null, null, null, '编辑交付计划');
INSERT INTO `sys_resource` VALUES ('124', 'addMaterialTransfer', '1', '/addMaterialTransfer', 'materialTransfer:add', '2', '1', '39', '1', '1', null, null, null, '新增调货计划');
INSERT INTO `sys_resource` VALUES ('1241', 'deleteMaterialTransfer', '1', '/deleteMaterialTransfer', 'materialTransfer:delete', '2', '1', '39', '1', '1', null, null, null, '删除调货计划');
INSERT INTO `sys_resource` VALUES ('1242', 'materialTransferList', '1', '/materialTransferList', 'materialTransfer:list', '2', '1', '39', '1', '1', null, null, null, '调货计划列表');
INSERT INTO `sys_resource` VALUES ('125', 'editMaterialTransfer', '1', '/editMaterialTransfer', 'materialTransfer:edit', '2', '1', '39', '1', '1', null, null, null, '修改调货计划');
INSERT INTO `sys_resource` VALUES ('126', 'addFaOutProductOrder', '1', '/addFaOutProductOrder', 'faOutProductOrder:add', '2', '2', '40', '1', '1', null, null, null, '新增出货单');
INSERT INTO `sys_resource` VALUES ('1261', 'faOutProductOrderList', '1', '/faOutProductOrderList', 'faOutProductOrder:list', '2', '2', '40', '1', '1', null, null, null, '出货单列表');
INSERT INTO `sys_resource` VALUES ('1262', 'deleteFaOutProductOrder', '1', '/deleteFaOutProductOrder', 'faOutProductOrder:list', '2', '2', '40', '1', '1', null, null, null, '删除出货单');
INSERT INTO `sys_resource` VALUES ('127', 'editFaOutProductOrder', '1', '/editFaOutProductOrder', 'faOutProductOrder:edit', '2', '2', '40', '1', '1', null, null, null, '修改出货单');
INSERT INTO `sys_resource` VALUES ('129', 'addInspectionRecord', '1', '/addInspectionRecord', 'inspectionRecord:add', '1', '11', '41', '1', '1', null, null, null, '新增检查记录');
INSERT INTO `sys_resource` VALUES ('1291', 'deleteInspectionRecord', '1', '/deleteInspectionRecord', 'inspectionRecord:delete', '1', '11', '41', '1', '1', null, null, null, '删除检查记录');
INSERT INTO `sys_resource` VALUES ('1292', 'inspectionRecordList', '1', '/inspectionRecordList', 'inspectionRecord:list', '1', '11', '41', '1', '1', null, null, null, '检查记录列表');
INSERT INTO `sys_resource` VALUES ('13', 'productionPlanMgr', '0', '/productionPlanMgr', 'productionPlanMgr', '2', '1', '11', '1', '1', null, null, null, '产线计划管理');
INSERT INTO `sys_resource` VALUES ('130', 'editInspectionRecord', '1', '/editInspectionRecord', 'inspectionRecord:edit', '1', '11', '41', '1', '1', null, null, null, '编辑检查记录');
INSERT INTO `sys_resource` VALUES ('131', 'addSupplierOrder', '1', '/addSupplierOrderDetails', 'supplierOrder:add', '2', '0', '44', '1', '1', null, null, null, '新增原材料订单');
INSERT INTO `sys_resource` VALUES ('1311', 'editSupplierOrder', '1', '/editSupplierOrderDetails', 'supplierOrder:edit', '2', '0', '44', '1', '1', null, null, null, '编辑原材料订单');
INSERT INTO `sys_resource` VALUES ('132', 'resourceManage', '0', '/resourceManage', 'resourceManage', '2', '4', '2', '1', '1', null, null, null, '资源管理');
INSERT INTO `sys_resource` VALUES ('133', 'addResource', '1', '/addResource', 'resource:add', '2', '2', '132', '1', '1', null, null, null, '新增资源');
INSERT INTO `sys_resource` VALUES ('1331', 'deleteResource', '1', '/deleteResource', 'resource:delete', '2', '2', '132', '1', '1', null, null, null, '删除资源');
INSERT INTO `sys_resource` VALUES ('1332', 'resourceList', '1', '/resourceList', 'resourceList', '2', '2', '132', '1', '1', null, null, null, '资源列表');
INSERT INTO `sys_resource` VALUES ('134', 'editResource', '1', '/editResource', 'resource:edit', '2', '2', '132', '1', '1', null, null, null, '编辑资源');
INSERT INTO `sys_resource` VALUES ('135', 'printFaStorehouse', '1', '/printFaStorehouse', 'faStorehouse:print', '2', '3', '10', '1', '1', null, null, null, '打印库位标签');
INSERT INTO `sys_resource` VALUES ('136', 'printOutProductOrder', '1', '/printOutProductOrder', 'outProductOrder:print', '2', '3', '40', '1', '1', null, null, null, '打印出货单');
INSERT INTO `sys_resource` VALUES ('14', 'materialPlanList', '0', '/materialPlanList', 'materialPlanList', '2', '6', '6', '1', '1', null, '2020-07-27 10:10:17', null, '物料需求计划列表');
INSERT INTO `sys_resource` VALUES ('15', 'materialRequisitionMgr', '0', '/materialRequisitionMgr', 'materialRequisitionMgr', '2', '2', '11', '1', '1', null, null, null, '领料单');
INSERT INTO `sys_resource` VALUES ('16', 'productionRecord', '0', '/productionRecord', 'productionRecord', '2', '4', '11', '1', '1', null, null, null, '生产记录');
INSERT INTO `sys_resource` VALUES ('17', 'orderManage', '0', '/orderManage', 'orderManage', '1', '5', '0', '1', '1', null, null, 'order', '订单管理');
INSERT INTO `sys_resource` VALUES ('18', 'sendOrder', '0', '/sendOrder', 'sendOrder', '2', '3', '3000', '1', '1', null, null, null, '送货单管理');
INSERT INTO `sys_resource` VALUES ('19', 'sale', '0', '/sale', 'sale', '2', '0', '17', '1', '1', null, null, null, '销售单');
INSERT INTO `sys_resource` VALUES ('2', 'systemManage', '0', '/systemManage', 'systemManage', '1', '0', '0', '1', '1', null, null, 'setting', '系统管理');
INSERT INTO `sys_resource` VALUES ('20', 'materialMgr', '0', '/materialMgr', 'materialMgr', '2', '8', '1000', '1', '1', null, null, null, '物料管理');
INSERT INTO `sys_resource` VALUES ('22', 'product', '0', '/product', 'product', '2', '9', '1000', '1', '1', null, '2020-06-23 15:13:55', '', '成品');
INSERT INTO `sys_resource` VALUES ('23', 'unit', '0', '/unit', 'unit', '2', '7', '1000', '1', '1', null, null, null, '单位管理');
INSERT INTO `sys_resource` VALUES ('25', 'warehouse', '0', '/warehouse', 'warehouse', '2', '10', '1000', '1', '1', null, null, null, '外仓');
INSERT INTO `sys_resource` VALUES ('27', 'dictType', '0', '/dictType', 'dictType', '2', '5', '2', '1', '1', null, null, null, '字典表类型');
INSERT INTO `sys_resource` VALUES ('28', 'dict', '0', '/dict', 'dict', '2', '6', '2', '1', '1', null, null, null, '字典表');
INSERT INTO `sys_resource` VALUES ('3', 'userManage', '0', '/userManage', 'userManage', '2', '0', '2', '1', '1', null, null, null, '用户管理');
INSERT INTO `sys_resource` VALUES ('30', 'car', '0', '/car', 'car', '2', '3', '45', '1', '1', null, null, null, '车辆管理');
INSERT INTO `sys_resource` VALUES ('3000', 'supplierMgr', '0', '/supplierMgr', 'supplierMgr', '1', '8', '0', '1', '1', null, null, 'trunk', '供应商管理');
INSERT INTO `sys_resource` VALUES ('31', 'carSchedule', '0', '/carSchedule', 'carSchedule', '2', '4', '45', '1', '1', null, null, null, '车辆排班管理');
INSERT INTO `sys_resource` VALUES ('3100', 'supplier', '0', '/supplier', 'supplier:list', '2', '0', '3000', '1', '1', null, null, null, '供应商');
INSERT INTO `sys_resource` VALUES ('3101', 'addSupplier', '1', '/addSupplier', 'supplier:add', '2', '0', '3100', '1', '1', null, null, null, '创建供应商');
INSERT INTO `sys_resource` VALUES ('3102', 'editSupplier', '1', '/editSupplier', 'supplier:edit', '2', '0', '3100', '1', '1', null, null, null, '编辑供应商');
INSERT INTO `sys_resource` VALUES ('3103', 'deleteSupplier', '1', '/deleteSupplier', 'supplier:delete', '2', '0', '3100', '1', '1', null, null, null, '删除供应商');
INSERT INTO `sys_resource` VALUES ('3104', 'lookSupplier', '1', '/lookSupplier', 'lookSupplier', '2', '0', '3100', '1', '1', null, null, null, '查看供应商');
INSERT INTO `sys_resource` VALUES ('33', 'inboundOrderMaterial', '0', '/inboundOrderMaterial', 'inboundOrderMaterial', '2', '9', '6', '1', '1', null, '2020-07-27 10:12:36', null, '物料入库单管理');
INSERT INTO `sys_resource` VALUES ('34', 'inboundOrderProduct', '0', '/inboundOrderProduct', 'inboundOrderProduct', '2', '10', '6', '1', '1', null, '2020-07-27 10:12:55', null, '成品入库单管理');
INSERT INTO `sys_resource` VALUES ('35', 'outboundOrderMaterial', '0', '/outboundOrderMaterial', 'outboundOrderMaterial', '2', '8', '6', '1', '1', null, '2020-07-27 10:12:12', null, '物料出库单管理');
INSERT INTO `sys_resource` VALUES ('36', 'outboundOrderProduct', '0', '/outboundOrderProduct', 'outboundOrderProduct', '2', '11', '6', '1', '1', null, '2020-07-27 10:13:13', null, '成品出库单管理');
INSERT INTO `sys_resource` VALUES ('38', 'deliveryPlan', '0', '/deliveryPlan', 'deliveryPlan', '2', '1', '17', '1', '1', null, null, null, '交付计划');
INSERT INTO `sys_resource` VALUES ('39', 'materialTransfer', '0', '/materialTransfer', 'materialTransfer', '2', '7', '6', '1', '1', null, '2020-07-27 10:10:59', null, '物料调货计划');
INSERT INTO `sys_resource` VALUES ('391', 'supplierMaterialTransfer', '0', '/supplierMaterialTransfer', 'materialTransfer', '2', '4', '3000', '1', '1', null, null, null, '供应商调货计划');
INSERT INTO `sys_resource` VALUES ('4', 'roleManage', '0', '/roleManage', 'roleManage', '2', '1', '2', '1', '1', null, null, null, '角色管理');
INSERT INTO `sys_resource` VALUES ('40', 'faOutProductOrder', '0', '/faOutProductOrder', 'faOutProductOrder', '2', '2', '17', '1', '1', null, null, null, '出货单');
INSERT INTO `sys_resource` VALUES ('41', 'inspectionRecord', '0', '/inspectionRecord', 'inspectionRecord', '1', '11', '11', '1', '1', null, null, null, '检查记录管理');
INSERT INTO `sys_resource` VALUES ('4100', 'supplierUser', '0', '/supplierUser', 'supplierUser:list', '2', '1', '3000', '1', '1', null, null, null, '供应商账号');
INSERT INTO `sys_resource` VALUES ('4101', 'addSupplierUser', '1', '/addSupplierUser', 'supplierUser:add', '2', '0', '4100', '1', '1', null, null, null, '创建供应商账号');
INSERT INTO `sys_resource` VALUES ('4102', 'editSupplierUser', '1', '/editSupplierUser', 'supplierUser:edit', '2', '0', '4100', '1', '1', null, null, null, '编辑供应商账号');
INSERT INTO `sys_resource` VALUES ('4103', 'deleteSupplierUser', '1', '/deleteSupplierUser', 'supplierUser:delete', '2', '0', '4100', '1', '1', null, null, null, '删除供应商账号');
INSERT INTO `sys_resource` VALUES ('4104', 'lookSupplierUser', '1', '/lookSupplierUser', 'lookSupplierUser', '2', '0', '4100', '1', '1', null, null, null, '查看供应商账号');
INSERT INTO `sys_resource` VALUES ('43', 'discharge', '1', '/discharge', 'discharge', '2', '0', '47', '1', '1', null, null, null, '卸货');
INSERT INTO `sys_resource` VALUES ('44', 'supplierOrderDetails', '0', '/supplierOrderDetails', 'supplierOrderDetails', '2', '5', '6', '1', '1', null, '2020-07-27 10:09:44', null, '原材料订单');
INSERT INTO `sys_resource` VALUES ('45', 'factoryManagement', '0', '/factoryManagement', 'factoryManagement', '1', '6', '0', '1', '1', null, null, 'registration', '厂区管理');
INSERT INTO `sys_resource` VALUES ('46', 'registration', '0', '/registration', 'registration', '2', '1', '45', '1', '1', null, null, null, '登记管理');
INSERT INTO `sys_resource` VALUES ('47', 'registrationCode', '0', '/registrationCode', 'registrationCode', '2', '12', '6', '1', '1', null, '2020-07-27 10:16:55', null, '叫号管理');
INSERT INTO `sys_resource` VALUES ('48', 'addSale', '1', '/addSale', 'sale:add', '2', '1', '19', '1', '1', null, null, null, '新增销售单');
INSERT INTO `sys_resource` VALUES ('481', 'deleteSale', '1', '/deleteSale', 'sale:delete', '2', '1', '19', '1', '1', null, null, null, '删除销售单');
INSERT INTO `sys_resource` VALUES ('482', 'saleList', '1', '/saleList', 'sale:list', '2', '1', '19', '1', '1', null, null, null, '销售单列表');
INSERT INTO `sys_resource` VALUES ('49', 'addUser', '1', '/addUser', 'user:add', '2', '0', '3', '1', '1', null, null, null, '新增用户');
INSERT INTO `sys_resource` VALUES ('491', 'deleteUser', '1', '/deleteUser', 'user:delete', '2', '0', '3', '1', '1', null, null, null, '删除用户');
INSERT INTO `sys_resource` VALUES ('492', 'userList', '1', '/userList', 'user:list', '2', '0', '3', '1', '1', null, null, null, '查看用户');
INSERT INTO `sys_resource` VALUES ('5', 'organizationManage', '0', '/organizationManage', 'organizationManage', '2', '3', '2', '1', '1', null, null, null, '组织管理');
INSERT INTO `sys_resource` VALUES ('50', 'editUser', '1', '/editUser', 'user:edit', '2', '0', '3', '1', '1', null, null, null, '编辑用户');
INSERT INTO `sys_resource` VALUES ('51', 'addRole', '1', '/addRole', 'role:add', '2', '1', '4', '1', '1', null, null, null, '新增角色');
INSERT INTO `sys_resource` VALUES ('511', 'deleteRole', '1', '/deleteRole', 'role:delete', '2', '1', '4', '1', '1', null, null, null, '删除角色');
INSERT INTO `sys_resource` VALUES ('512', 'roleList', '1', '/roleList', 'role:list', '2', '1', '4', '1', '1', null, null, null, '角色列表');
INSERT INTO `sys_resource` VALUES ('52', 'editRole', '1', '/editRole', 'role:edit', '2', '1', '4', '1', '1', null, null, null, '编辑角色');
INSERT INTO `sys_resource` VALUES ('53', 'addOrganization', '1', '/addOrganization', 'organization:add', '2', '2', '5', '1', '1', null, null, null, '新增组织');
INSERT INTO `sys_resource` VALUES ('531', 'deleteOrganization', '1', '/deleteOrganization', 'organization:delete', '2', '2', '5', '1', '1', null, null, null, '删除组织');
INSERT INTO `sys_resource` VALUES ('532', 'organizationList', '1', '/organizationList', 'organization:list', '2', '2', '5', '1', '1', null, null, null, '组织列表');
INSERT INTO `sys_resource` VALUES ('54', 'editOrganization', '1', '/editOrganization', 'organization', '2', '2', '5', '1', '1', null, null, null, '编辑组织');
INSERT INTO `sys_resource` VALUES ('55', 'addFaWareHouse', '1', '/addFaWareHouse', 'faWareHouse:add', '2', '0', '7', '1', '1', null, null, null, '新增内仓');
INSERT INTO `sys_resource` VALUES ('551', 'deleteFaWareHouse', '1', '/deleteFaWareHouse', 'faWareHouse:delete', '2', '0', '7', '1', '1', null, null, null, '删除内仓');
INSERT INTO `sys_resource` VALUES ('552', 'faWareHouseList', '1', '/faWareHouseList', 'faWareHouse:list', '2', '0', '7', '1', '1', null, null, null, '内仓列表');
INSERT INTO `sys_resource` VALUES ('56', 'editFaWareHouse', '1', '/editFaWareHouse', 'faWareHouse:edit', '2', '0', '7', '1', '1', null, null, null, '编辑内仓');
INSERT INTO `sys_resource` VALUES ('57', 'wareHouseTagRelationship', '1', '/wareHouseTagRelationship', 'wareHouseTagRelationship', '2', '3', '8', '1', '1', null, null, null, '内仓标签管理');
INSERT INTO `sys_resource` VALUES ('58', 'addFaWareHouseTag', '1', '/addFaWareHouseTag', 'faWareHouseTag:add', '2', '1', '8', '1', '1', null, null, null, '新增标签');
INSERT INTO `sys_resource` VALUES ('581', 'faWareHouseTagList', '1', '/faWareHouseTagList', 'faWareHouseTag:list', '2', '1', '8', '1', '1', null, null, null, '标签列表');
INSERT INTO `sys_resource` VALUES ('582', 'deleteFaWareHouseTag', '1', '/deleteFaWareHouseTag', 'faWareHouseTag:delete', '2', '1', '8', '1', '1', null, null, null, '删除标签');
INSERT INTO `sys_resource` VALUES ('59', 'editFaWareHouseTag', '1', '/editFaWareHouseTag', 'faWareHouseTag:edit', '2', '1', '8', '1', '1', null, null, null, '编辑标签');
INSERT INTO `sys_resource` VALUES ('6', 'storageManage', '0', '/storageManage', 'storageManage', '1', '2', '0', '1', '1', null, null, 'fawarehouse', '仓储管理');
INSERT INTO `sys_resource` VALUES ('60', 'addFaStorageBin', '1', '/addFaStorageBin', 'faStorageBin:add', '2', '2', '9', '1', '1', null, null, null, '新增货架');
INSERT INTO `sys_resource` VALUES ('601', 'faStorageBinList', '1', '/faStorageBinList', 'faStorageBin:list', '2', '2', '9', '1', '1', null, null, null, '货架列表');
INSERT INTO `sys_resource` VALUES ('602', 'deleteFaStorageBin', '1', '/deleteFaStorageBin', 'faStorageBin:delete', '2', '2', '9', '1', '1', null, null, null, '删除货架');
INSERT INTO `sys_resource` VALUES ('61', 'editFaStorageBin', '1', '/editFaStorageBin', 'faStorageBin:edit', '2', '2', '9', '1', '1', null, null, null, '编辑货架');
INSERT INTO `sys_resource` VALUES ('62', 'faStorageBinTagRelationship', '1', '/faStorageBinTagRelationship', 'faStorageBinTagRelationship', '2', '2', '8', '1', '1', null, null, null, '货架标签管理');
INSERT INTO `sys_resource` VALUES ('63', 'addFaStorehouse', '1', '/addFaStorehouse', 'faStorehouse:add', '2', '3', '10', '1', '1', null, null, null, '新增库位');
INSERT INTO `sys_resource` VALUES ('631', 'deleteFaStorehouse', '1', '/deleteFastorehouse', 'faStorehouse:delete', '2', '3', '10', '1', '1', null, null, null, '删除库位');
INSERT INTO `sys_resource` VALUES ('632', 'faStorehouseList', '1', '/faStorehouseList', 'faStorehouse:list', '2', '3', '10', '1', '1', null, null, null, '库位列表');
INSERT INTO `sys_resource` VALUES ('64', 'editFaStorehouse', '1', '/editFaStorehouse', 'faStorehouse:edit', '2', '3', '10', '1', '1', null, null, null, '编辑库位');
INSERT INTO `sys_resource` VALUES ('65', 'faStorehouseTagRelationship', '1', '/faStorehouseTagRelationship', 'faStorehouseTagRelationship', '2', '3', '8', '1', '1', null, null, null, '库位标签管理');
INSERT INTO `sys_resource` VALUES ('66', 'addProductionLine', '1', '/addProductionLine', 'productionLine:add', '2', '0', '12', '1', '1', null, null, null, '新增产线');
INSERT INTO `sys_resource` VALUES ('661', 'deleteProductionLine', '1', '/deleteProductionLine', 'productionLine:delete', '2', '0', '12', '1', '1', null, null, null, '删除产线');
INSERT INTO `sys_resource` VALUES ('662', 'productionLineList', '1', '/productionLineList', 'productionLine:list', '2', '0', '12', '1', '1', null, null, null, '产线列表');
INSERT INTO `sys_resource` VALUES ('67', 'editProductionLine', '1', '/editProductionLine', 'productionLine:edit', '2', '0', '12', '1', '1', null, null, null, '编辑产线');
INSERT INTO `sys_resource` VALUES ('68', 'addProductionPlan', '1', '/addProductionPlan', 'productionPlan:add', '2', '1', '13', '1', '1', null, null, null, '添加产线计划');
INSERT INTO `sys_resource` VALUES ('681', 'deleteProductionPlan', '1', '/deleteProductionPlan', 'productionPlan:delete', '2', '1', '13', '1', '1', null, null, null, '删除产线计划');
INSERT INTO `sys_resource` VALUES ('682', 'productionPlanList', '1', '/productionPlanList', 'productionPlan:list', '2', '1', '13', '1', '1', null, null, null, '产线计划列表');
INSERT INTO `sys_resource` VALUES ('683', 'detailProductionPlan', '1', '/detailProductionPlan', 'productionPlan:list', '2', '1', '13', '1', '1', null, null, null, '查看产线计划');
INSERT INTO `sys_resource` VALUES ('69', 'editProductionPlan', '1', '/editProductionPlan', 'productionPlan:edit', '2', '1', '13', '1', '1', null, null, null, '编辑产线计划');
INSERT INTO `sys_resource` VALUES ('7', 'faWareHouseManage', '0', '/faWareHouseManage', 'faWareHouseManage', '2', '11', '1000', '1', '1', null, '2020-07-27 10:05:37', null, '内仓管理');
INSERT INTO `sys_resource` VALUES ('70', 'addMaterialRequisition', '1', '/addMaterialRequisition', 'materialRequisition:add', '2', '3', '15', '1', '1', null, null, null, '新增领料单');
INSERT INTO `sys_resource` VALUES ('701', 'deleteMaterialRequisition', '1', '/deleteMaterialRequisition', 'materialRequisition:delete', '2', '3', '15', '1', '1', null, null, null, '删除领料单');
INSERT INTO `sys_resource` VALUES ('702', 'materialRequisitionList', '1', '/materialRequisitionList', 'materialRequisition:list', '2', '3', '15', '1', '1', null, null, null, '领料单列表');
INSERT INTO `sys_resource` VALUES ('703', 'materialPlanDetail', '1', '/materialPlanDetail', 'materialRequisition', '2', '3', '15', '1', '1', null, null, null, '物料需求计划');
INSERT INTO `sys_resource` VALUES ('71', 'editMaterialRequisition', '1', '/editMaterialRequisition', 'materialRequisition:edit', '2', '3', '15', '1', '1', null, null, null, '编辑领料单');
INSERT INTO `sys_resource` VALUES ('72', 'addProductionRecord', '1', '/addProductionRecord', 'productionRecord:add', '2', '3', '16', '1', '1', null, null, null, '新增生产记录');
INSERT INTO `sys_resource` VALUES ('721', 'deleteProductionRecord', '1', '/deleteProductionRecord', 'productionRecord:delete', '2', '3', '16', '1', '1', null, null, null, '删除生产记录');
INSERT INTO `sys_resource` VALUES ('73', 'editProductionRecord', '1', '/editProductionRecord', 'productionRecord:edit', '2', '3', '16', '1', '1', null, null, null, '编辑生产记录');
INSERT INTO `sys_resource` VALUES ('74', 'detailProductionRecord', '1', '/detailProductionRecord', 'productionRecord:list', '2', '3', '16', '1', '1', null, null, null, '查看生产记录');
INSERT INTO `sys_resource` VALUES ('75', 'addSendOrder', '1', '/addSendOrder', 'sendOrder:add', '2', '0', '18', '1', '1', null, null, null, '新增送货单');
INSERT INTO `sys_resource` VALUES ('751', 'deleteSendOrder', '1', '/deleteSendOrder', 'sendOrder:delete', '2', '0', '18', '1', '1', null, null, null, '删除送货单');
INSERT INTO `sys_resource` VALUES ('76', 'editSendOrder', '1', '/editSendOrder', 'sendOrder:edit', '2', '0', '18', '1', '1', null, null, null, '编辑送货单');
INSERT INTO `sys_resource` VALUES ('77', 'detailSendOrder', '1', '/detailSendOrder', 'detailSendOrder', '2', '0', '18', '1', '1', null, null, null, '查看送货单');
INSERT INTO `sys_resource` VALUES ('78', 'editSale', '1', '/editSale', 'sale:edit', '2', '1', '19', '1', '1', null, null, null, '编辑销售单');
INSERT INTO `sys_resource` VALUES ('79', 'addMaterial', '1', '/addMaterial', 'material:add', '2', '2', '20', '1', '1', null, null, null, '添加物料');
INSERT INTO `sys_resource` VALUES ('791', 'deleteMaterial', '1', '/deleteMaterial', 'material:delete', '2', '2', '20', '1', '1', null, null, null, '删除物料');
INSERT INTO `sys_resource` VALUES ('792', 'materialList', '1', '/materialList', 'material:list', '2', '2', '20', '1', '1', null, null, null, '物料列表');
INSERT INTO `sys_resource` VALUES ('8', 'faWareHouseTagManage', '0', '/faWareHouseTagManage', 'faWareHouseTagManage', '2', '14', '1000', '1', '1', null, '2020-07-27 10:15:04', null, '标签管理');
INSERT INTO `sys_resource` VALUES ('80', 'editMaterial', '1', '/editMaterial', 'material:edit', '2', '2', '20', '1', '1', null, null, null, '编辑物料');
INSERT INTO `sys_resource` VALUES ('81', 'addUnit', '1', '/addUnit', 'unit:add', '2', '1', '23', '1', '1', null, null, null, '添加单位');
INSERT INTO `sys_resource` VALUES ('811', 'deleteUnit', '1', '/deleteUnit', 'unit:delete', '2', '1', '23', '1', '1', null, null, null, '删除单位');
INSERT INTO `sys_resource` VALUES ('812', 'unitList', '1', '/unitList', 'unit:list', '2', '1', '23', '1', '1', null, null, null, '单位列表');
INSERT INTO `sys_resource` VALUES ('82', 'editUnit', '1', '/editUnit', 'unit:edit', '2', '1', '23', '1', '1', null, null, null, '修改单位');
INSERT INTO `sys_resource` VALUES ('83', 'addProduct', '1', '/addProduct', 'product:add', '2', '1', '22', '1', '1', null, null, null, '添加成品');
INSERT INTO `sys_resource` VALUES ('831', 'deleteProduct', '1', '/deleteProduct', 'product:delete', '2', '1', '22', '1', '1', null, null, null, '删除成品');
INSERT INTO `sys_resource` VALUES ('832', 'productList', '1', '/productList', 'product:list', '2', '1', '22', '1', '1', null, null, null, '成品列表');
INSERT INTO `sys_resource` VALUES ('84', 'editProduct', '1', '/editProduct', 'product:edit', '2', '1', '22', '1', '1', null, null, null, '修改成品');
INSERT INTO `sys_resource` VALUES ('86', 'addRegistration', '1', '/addRegistration', 'registration:add', '2', '0', '46', '1', '1', null, null, null, '新增登记表');
INSERT INTO `sys_resource` VALUES ('861', 'deleteRegistration', '1', '/deleteRegistration', 'registration:delete', '2', '0', '46', '1', '1', null, null, null, '删除登记表');
INSERT INTO `sys_resource` VALUES ('862', 'registrationList', '1', '/registrationList', 'registration:list', '2', '0', '46', '1', '1', null, null, null, '登记列表');
INSERT INTO `sys_resource` VALUES ('863', 'preRegistration', '0', '/preRegistration', 'preRegistration', '2', '0', '45', '1', '1', null, null, null, '预登记列表');
INSERT INTO `sys_resource` VALUES ('87', 'editRegistration', '1', '/editRegistration', 'registration:edit', '2', '0', '46', '1', '1', null, null, null, '编辑登记');
INSERT INTO `sys_resource` VALUES ('88', 'addWarehouse', '1', '/addWarehouse', 'warehouse:add', '2', '0', '25', '1', '1', null, null, null, '新增外仓');
INSERT INTO `sys_resource` VALUES ('881', 'deleteWareHouse', '1', '/deleteWarehouse', 'warehouse:delete', '2', '0', '25', '1', '1', null, null, null, '删除外仓');
INSERT INTO `sys_resource` VALUES ('882', 'wareHouseList', '1', '/wareHouseList', 'warehouse:list', '2', '0', '25', '1', '1', null, null, null, '外仓列表');
INSERT INTO `sys_resource` VALUES ('89', 'editWarehouse', '1', '/editWarehouse', 'warehouse:edit', '2', '0', '25', '1', '1', null, null, null, '修改外仓');
INSERT INTO `sys_resource` VALUES ('9', 'faStorageBinManage', '0', '/faStorageBinManage', 'faStorageBinManage', '2', '12', '1000', '1', '1', null, '2020-07-27 10:06:02', null, '货架管理');
INSERT INTO `sys_resource` VALUES ('90', 'addDictType', '1', '/addDictType', 'dictType:add', '2', '0', '27', '1', '1', null, null, null, '新增字典类型');
INSERT INTO `sys_resource` VALUES ('901', 'deleteDictType', '1', '/deleteDictType', 'dictType:delete', '2', '0', '27', '1', '1', null, null, null, '删除字典类型');
INSERT INTO `sys_resource` VALUES ('902', 'dictTypeList', '1', '/dictTypeList', 'dictType:list', '2', '0', '27', '1', '1', null, null, null, '字典表类型列表');
INSERT INTO `sys_resource` VALUES ('91', 'editDictType', '1', '/editDictType', 'dictType:edit', '2', '0', '27', '1', '1', null, null, null, '修改字典类型');
INSERT INTO `sys_resource` VALUES ('92', 'addDict', '1', '/addDict', 'dict:add', '2', '1', '28', '1', '1', null, null, null, '新增字典');
INSERT INTO `sys_resource` VALUES ('921', 'deleteDict', '1', 'deleteDict', 'dict:delete', '2', '1', '28', '1', '1', null, null, null, '删除字典');
INSERT INTO `sys_resource` VALUES ('922', 'dictList', '1', 'dictList', 'dict:list', '2', '1', '28', '1', '1', null, null, null, '字典列表');
INSERT INTO `sys_resource` VALUES ('93', 'editDict', '1', '/editDict', 'dict:edit', '2', '1', '28', '1', '1', null, '2020-06-23 15:22:25', ' ', '修改字典');
INSERT INTO `sys_resource` VALUES ('94', 'addCar', '1', '/addCar', 'car:add', '2', '0', '30', '1', '1', null, null, null, '新增车辆');
INSERT INTO `sys_resource` VALUES ('941', 'carList', '1', '/carList', 'car:list', '2', '0', '30', '1', '1', null, null, null, '车辆列表');
INSERT INTO `sys_resource` VALUES ('942', 'deleteCar', '1', '/deleteCar', 'car:delete', '2', '0', '30', '1', '1', null, null, null, '删除车辆');
INSERT INTO `sys_resource` VALUES ('95', 'editCar', '1', '/editCar', 'car:edit', '2', '0', '30', '1', '1', null, null, null, '编辑车辆');
INSERT INTO `sys_resource` VALUES ('96', 'addCarSchedule', '1', '/addCarSchedule', 'carSchedule:add', '2', '1', '31', '1', '1', null, null, null, '新增车辆排班');
INSERT INTO `sys_resource` VALUES ('961', 'deleteCarSchedule', '1', '/deleteCarSchedule', 'carSchedule:delete', '2', '1', '31', '1', '1', null, null, null, '删除车辆排班');
INSERT INTO `sys_resource` VALUES ('962', 'carScheduleList', '1', '/carScheduleList', 'carSchedule:list', '2', '1', '31', '1', '1', null, null, null, '车辆排班列表');
INSERT INTO `sys_resource` VALUES ('97', 'editCarSchedule', '1', '/editCarSchedule', 'carSchedule:edit', '2', '1', '31', '1', '1', null, null, null, '编辑车辆排班');
INSERT INTO `sys_resource` VALUES ('98', 'addInboundOrderMaterial', '1', '/addInboundOrderMaterial', 'inboundOrderMaterial:add', '2', '0', '33', '1', '1', null, null, null, '新增物料入库单');
INSERT INTO `sys_resource` VALUES ('981', 'inboundOrderMaterialList', '1', '/inboundOrderMaterialList', 'inboundOrderMaterial:list', '2', '0', '33', '1', '1', null, null, null, '物料入库单列表');
INSERT INTO `sys_resource` VALUES ('982', 'deleteInboundOrderMaterial', '1', '/deleteInboundOrderMaterial', 'inboundOrderMaterial:delete', '2', '0', '33', '1', '1', null, null, null, '删除物料入库单');
INSERT INTO `sys_resource` VALUES ('99', 'editInboundOrderMaterial', '1', '/editInboundOrderMaterial', 'inboundOrderMaterial:edit', '2', '0', '33', '1', '1', null, null, null, '编辑物料入库单');

INSERT INTO `sys_organization` VALUES ('4028120c73c39dc10173c3b3c84b026e', '内仓', '0', '1', '2', '0', '0', '园区内仓', '18272192721', '1', '1', '2020-08-06 20:16:46', '2020-08-06 20:16:46', null);
INSERT INTO `sys_organization` VALUES ('4028120c73c39dc10173c3b4d4470272', '供应商', '0', '1', '2', '0', '1', '区外供应商', '18653322258', '1', '1', '2020-08-06 20:17:55', '2020-08-06 20:17:55', null);
INSERT INTO `sys_organization` VALUES ('4028120c73c39dc10173c3b6df500276', '产线', '0', '1', '2', '0', '2', '生产产线', '18655743322', '1', '1', '2020-08-06 20:20:08', '2020-08-06 20:20:08', null);
INSERT INTO `sys_organization` VALUES ('4028120c73c39dc10173c3b741240278', '门卫', '0', '1', '2', '0', '3', '园区门卫', '17544442223', '1', '1', '2020-08-06 20:20:34', '2020-08-06 20:20:34', null);
INSERT INTO `sys_organization` VALUES ('4028120c73c39dc10173c3b7c785027c', '销售', '0', '1', '2', '0', '4', '公司销售', '18577543245', '1', '1', '2020-08-06 20:21:08', '2020-08-06 20:21:08', null);

INSERT INTO `sys_organization_role` VALUES ('4028120c73c39dc10173c3b3c856026f', '4028120c73c39dc10173c3b3c84b026e', '4028120c73c39dc10173c3aaa6d50007');
INSERT INTO `sys_organization_role` VALUES ('4028120c73c39dc10173c3b4d4480273', '4028120c73c39dc10173c3b4d4470272', '2');
INSERT INTO `sys_organization_role` VALUES ('4028120c73c39dc10173c3b6df520277', '4028120c73c39dc10173c3b6df500276', '4028120c73c39dc10173c3abce420083');
INSERT INTO `sys_organization_role` VALUES ('4028120c73c39dc10173c3b741570279', '4028120c73c39dc10173c3b741240278', '4028120c73c39dc10173c3aea46b01fe');
INSERT INTO `sys_organization_role` VALUES ('4028120c73c39dc10173c3b7c788027d', '4028120c73c39dc10173c3b7c785027c', '4028120c73c39dc10173c3b073bb0214');

INSERT INTO `sys_dict_type` VALUES ('1', 'time', null, null, null, null);
INSERT INTO `sys_dict_type` VALUES ('2', 'registrationCarType', null, null, null, null);
INSERT INTO `sys_dict_type` VALUES ('3', 'registrationState', null, null, null, null);
INSERT INTO `sys_dict_type` VALUES ('4', 'registrationCodeState', null, null, null, null);
INSERT INTO `sys_dict_type` VALUES ('5', 'sendOrderState', null, null, null, null);
INSERT INTO `sys_dict_type` VALUES ('6', 'sendOrderDeliveryState', null, null, null, null);


-- ----------------------------
-- Records of sys_dict
-- ----------------------------
INSERT INTO `sys_dict` VALUES ('1', 'freeze_time', '7200', '1', null, null, null, null, null);
INSERT INTO `sys_dict` VALUES ('10', 'Leave_Park', '8', '3', null, null, null, null, '已出园');
INSERT INTO `sys_dict` VALUES ('11', 'Cancel', '9', '3', null, null, null, null, '已取消');
INSERT INTO `sys_dict` VALUES ('12', 'ChanBan', '0', '2', null, null, null, null, '铲板车');
INSERT INTO `sys_dict` VALUES ('13', 'CaoGuan', '1', '2', null, null, null, null, '槽罐车');
INSERT INTO `sys_dict` VALUES ('14', 'No_Finished', '0', '5', null, null, null, null, '未录入');
INSERT INTO `sys_dict` VALUES ('15', 'No_Delivery', '1', '5', null, null, null, null, '未送货');
INSERT INTO `sys_dict` VALUES ('16', 'In_Transit', '2', '5', null, null, null, null, '在途中');
INSERT INTO `sys_dict` VALUES ('17', 'Registered', '3', '5', null, null, null, null, '已登记');
INSERT INTO `sys_dict` VALUES ('18', 'Waitfor_Park', '4', '5', null, null, null, null, '等待进园');
INSERT INTO `sys_dict` VALUES ('19', 'Entering_Park', '5', '5', null, null, null, null, '正在进园');
INSERT INTO `sys_dict` VALUES ('2', 'UnRegister', '0', '3', null, null, null, null, '未登记');
INSERT INTO `sys_dict` VALUES ('20', 'In_Park', '6', '5', null, null, null, null, '园区中');
INSERT INTO `sys_dict` VALUES ('21', 'Enter_Storage', '7', '5', null, null, null, null, '已进厂');
INSERT INTO `sys_dict` VALUES ('22', 'Outerter_Storage', '10', '5', null, null, null, null, '已出厂');
INSERT INTO `sys_dict` VALUES ('23', 'Leaveing_Park', '13', '5', null, null, null, null, '正在出园');
INSERT INTO `sys_dict` VALUES ('24', 'Leave_Park', '14', '5', null, null, null, null, '已出园');
INSERT INTO `sys_dict` VALUES ('25', 'Completed', '15', '5', null, null, null, null, '已完成');
INSERT INTO `sys_dict` VALUES ('26', 'Cancel', '12', '5', null, null, null, null, '已撤销');
INSERT INTO `sys_dict` VALUES ('27', 'UNREGISTER', '2', '6', null, null, null, null, '未登记');
INSERT INTO `sys_dict` VALUES ('28', 'REGISTER', '3', '6', null, null, null, null, '已登记');
INSERT INTO `sys_dict` VALUES ('29', 'WAITFOR_Park', '4', '6', null, null, null, null, '等待进园');
INSERT INTO `sys_dict` VALUES ('3', 'Registered', '1', '3', null, null, null, null, '已登记');
INSERT INTO `sys_dict` VALUES ('30', 'In_Park', '6', '6', null, null, null, null, '园区中');
INSERT INTO `sys_dict` VALUES ('31', 'Enter_Storage', '7', '6', null, null, null, null, '已进厂');
INSERT INTO `sys_dict` VALUES ('32', 'DeliveryInfo_in_Strorage', '8', '6', null, null, null, null, '卸货中');
INSERT INTO `sys_dict` VALUES ('33', 'DeliveryInfo_Out_Strorage', '9', '6', null, null, null, null, '卸货完成');
INSERT INTO `sys_dict` VALUES ('34', 'Outerter_Storage', '10', '6', null, null, null, null, '已出厂');
INSERT INTO `sys_dict` VALUES ('35', 'REFUSE', '11', '6', null, null, null, null, '已拒收');
INSERT INTO `sys_dict` VALUES ('36', 'CANCEL', '12', '6', null, null, null, null, '已撤销');
INSERT INTO `sys_dict` VALUES ('37', 'RenGong', '2', '2', null, null, null, null, '人工散货');
INSERT INTO `sys_dict` VALUES ('4', 'Waitfor_Park', '2', '3', null, null, null, null, '等待进园');
INSERT INTO `sys_dict` VALUES ('5', 'Entering_Park', '3', '3', null, null, null, null, '正在进园');
INSERT INTO `sys_dict` VALUES ('6', 'In_Park', '4', '3', null, null, null, null, '园区中');
INSERT INTO `sys_dict` VALUES ('7', 'Enter_Storage', '5', '3', null, null, null, null, '已进厂');
INSERT INTO `sys_dict` VALUES ('8', 'Outerter_Storage', '6', '3', null, null, null, null, '已出厂');
INSERT INTO `sys_dict` VALUES ('9', 'Leaveing_Park', '7', '3', null, null, null, null, '正在出园');

